<?xml version="1.0" encoding="UTF-8"?>
<project-private xmlns="http://www.netbeans.org/ns/project-private/1">
    <editor-bookmarks xmlns="http://www.netbeans.org/ns/editor-bookmarks/2" lastBookmarkId="0"/>
    <open-files xmlns="http://www.netbeans.org/ns/projectui-open-files/2">
        <group>
            <file>file:/C:/Users/ANDRES%20AVILA/Desktop/final_proyect/src/Vista/FormularioEcentro.java</file>
            <file>file:/C:/Users/ANDRES%20AVILA/Desktop/final_proyect/src/Modelo/EmpleadoCentroDAO.java</file>
            <file>file:/C:/Users/ANDRES%20AVILA/Desktop/final_proyect/src/Controlador/ControladorEmpleadoCentro.java</file>
            <file>file:/C:/Users/ANDRES%20AVILA/Desktop/final_proyect/src/Modelo/EmpleadoCentro.java</file>
            <file>file:/C:/Users/ANDRES%20AVILA/Desktop/final_proyect/src/Vista/paneladmin.java</file>
        </group>
    </open-files>
</project-private>
